0.jpg,0.0480372831225
1000.jpg,0.396673172712
1001.jpg,0.688450694084
1002.jpg,0.0641684383154
1003.jpg,0.0798127874732
1004.jpg,0.0401080809534
1005.jpg,0.0620832331479
1006.jpg,0.105948463082
1007.jpg,0.979824662209
1008.jpg,0.386626988649
1009.jpg,0.816143631935
100.jpg,0.438198149204
1010.jpg,0.0962723866105
1011.jpg,0.0168940071017
1012.jpg,0.167604133487
1013.jpg,0.127508193254
1014.jpg,0.0445920303464
1015.jpg,0.0176432970911
1016.jpg,0.594077646732
1017.jpg,0.143029391766
1018.jpg,0.431271195412
1019.jpg,0.116354875267
101.jpg,0.100301347673
1020.jpg,0.337974756956
1021.jpg,0.112965486944
1022.jpg,0.00175157946069
1023.jpg,0.386687606573
1024.jpg,0.0919066295028
1025.jpg,0.103090927005
1026.jpg,0.0422713756561
1027.jpg,0.0884264931083
1028.jpg,0.0491149276495
1029.jpg,0.758993506432
102.jpg,0.0197878871113
1030.jpg,0.00147161062341
1031.jpg,0.160015821457
1032.jpg,0.0128402151167
1033.jpg,0.622378587723
1034.jpg,0.017138056457
1035.jpg,0.101128451526
1036.jpg,0.0337571538985
1037.jpg,0.0427393056452
1038.jpg,0.094359792769
1039.jpg,0.0535486005247
103.jpg,0.12466930598
1040.jpg,0.00888492446393
1041.jpg,0.343506485224
1042.jpg,0.00965797621757
1043.jpg,0.0287099238485
1044.jpg,0.292582005262
1045.jpg,0.34860637784
1046.jpg,0.443226307631
1047.jpg,0.00636497884989
1048.jpg,0.020795699209
1049.jpg,0.529783725739
104.jpg,0.0303089171648
1050.jpg,0.2045250386
1051.jpg,0.16240927577
1052.jpg,0.153636649251
1053.jpg,0.0123234186321
1054.jpg,0.0021026765462
1055.jpg,0.0268874019384
1056.jpg,0.478567063808
1057.jpg,0.0496949367225
1058.jpg,0.0653997585177
1059.jpg,0.33700543642
105.jpg,0.00503800110891
1060.jpg,0.256301701069
1061.jpg,0.162543073297
1062.jpg,0.44366300106
1063.jpg,0.00351893948391
1064.jpg,0.273302197456
1065.jpg,0.124069616199
1066.jpg,0.844808757305
1067.jpg,0.160279005766
1068.jpg,0.100680060685
1069.jpg,0.148434922099
106.jpg,0.0256302598864
1070.jpg,0.00934585090727
1071.jpg,0.133536174893
1072.jpg,0.00742032891139
1073.jpg,0.718999087811
1074.jpg,0.987484753132
1075.jpg,0.00215924996883
1076.jpg,0.000846794049721
1077.jpg,0.24082171917
1078.jpg,0.0267930198461
1079.jpg,0.165441468358
107.jpg,0.124591730535
1080.jpg,0.138076737523
1081.jpg,0.187968745828
1082.jpg,0.184335127473
1083.jpg,0.493120461702
1084.jpg,0.315483808517
1085.jpg,0.678587079048
1086.jpg,0.127970010042
1087.jpg,0.00388255831786
1088.jpg,0.0203598607332
1089.jpg,0.0449207350612
108.jpg,0.59856402874
1090.jpg,0.0742307826877
1091.jpg,0.0253973733634
1092.jpg,0.185234308243
1093.jpg,0.109780915082
1094.jpg,0.0468136034906
1095.jpg,0.104667678475
1096.jpg,0.0484742932022
1097.jpg,0.0107757197693
1098.jpg,0.144192487001
1099.jpg,0.373744130135
109.jpg,0.670574903488
10.jpg,0.284061849117
1100.jpg,0.0365905985236
1101.jpg,0.00413535442203
1102.jpg,0.693046450615
1103.jpg,0.0386354699731
1104.jpg,0.210615307093
1105.jpg,0.0341367535293
1106.jpg,0.5516898036
1107.jpg,0.363187998533
1108.jpg,0.0202735997736
1109.jpg,0.0852911025286
110.jpg,0.497838973999
1110.jpg,0.222026154399
1111.jpg,0.0111824916676
1112.jpg,0.0382474660873
1113.jpg,0.217690303922
1114.jpg,0.0217978078872
1115.jpg,0.473382264376
1116.jpg,0.565493106842
1117.jpg,0.0023055463098
1118.jpg,0.00580397387967
1119.jpg,0.00198138784617
111.jpg,0.582612037659
1120.jpg,0.740648090839
1121.jpg,0.259738355875
1122.jpg,0.846610188484
1123.jpg,0.0199634172022
1124.jpg,0.296953886747
1125.jpg,0.226617217064
1126.jpg,0.0182519443333
1127.jpg,0.0302331354469
1128.jpg,0.0504450313747
1129.jpg,0.849070131779
112.jpg,0.71872651577
1130.jpg,0.561138808727
1131.jpg,0.371016144753
1132.jpg,0.142901286483
1133.jpg,0.0156771149486
1134.jpg,0.0464029461145
1135.jpg,0.0923750624061
1136.jpg,0.0289066769183
1137.jpg,0.0695631578565
1138.jpg,0.297037631273
1139.jpg,0.0712769925594
113.jpg,0.0110755227506
1140.jpg,0.218797668815
1141.jpg,0.0187263805419
1142.jpg,0.325719743967
1143.jpg,0.371324777603
1144.jpg,0.347442090511
1145.jpg,0.231739670038
1146.jpg,0.00399162014946
1147.jpg,0.0723324418068
1148.jpg,0.676935136318
1149.jpg,0.00862590689212
114.jpg,0.0493655353785
1150.jpg,0.0777049288154
1151.jpg,0.0416380949318
1152.jpg,0.385498166084
1153.jpg,0.00363147910684
1154.jpg,0.00249509885907
1155.jpg,0.0585386455059
1156.jpg,0.615099012852
1157.jpg,0.0149552114308
1158.jpg,0.252205848694
1159.jpg,0.0337782353163
115.jpg,0.23695102334
1160.jpg,0.0437786504626
1161.jpg,0.270385921001
1162.jpg,0.319473445415
1163.jpg,0.288370966911
1164.jpg,0.254280239344
1165.jpg,0.483776539564
1166.jpg,0.620346307755
1167.jpg,0.0666791647673
1168.jpg,0.0930606424809
1169.jpg,0.258189111948
116.jpg,0.114563934505
1170.jpg,0.290671765804
1171.jpg,0.140881612897
1172.jpg,0.550939500332
1173.jpg,0.0493177324533
1174.jpg,0.0153766572475
1175.jpg,0.123410999775
1176.jpg,0.164199024439
1177.jpg,0.0306669250131
1178.jpg,0.579579055309
1179.jpg,0.0304370298982
117.jpg,0.216675594449
1180.jpg,0.0644522458315
1181.jpg,0.114026494324
1182.jpg,0.611667692661
1183.jpg,0.437657743692
1184.jpg,0.0289315320551
1185.jpg,0.462718784809
1186.jpg,0.504874885082
1187.jpg,0.242670923471
1188.jpg,0.106021977961
1189.jpg,0.0228761825711
118.jpg,0.116366237402
1190.jpg,0.0133081683889
1191.jpg,0.146119832993
1192.jpg,0.0285203326494
1193.jpg,0.10660559684
1194.jpg,0.181879013777
1195.jpg,0.0438758432865
1196.jpg,0.0976307690144
1197.jpg,0.0969072505832
1198.jpg,0.128105968237
1199.jpg,0.00765812303871
119.jpg,0.0584455803037
11.jpg,0.913897752762
1200.jpg,0.024424046278
1201.jpg,0.144462764263
1202.jpg,0.125100404024
1203.jpg,0.0950846225023
1204.jpg,0.020742662251
1205.jpg,0.178159564734
1206.jpg,0.17362229526
1207.jpg,0.0346788056195
1208.jpg,0.0276138726622
1209.jpg,0.0135035468265
120.jpg,0.0980591550469
1210.jpg,0.0119612673298
1211.jpg,0.0686424970627
1212.jpg,0.0963924750686
1213.jpg,0.128052979708
1214.jpg,0.101583115757
1215.jpg,0.531454324722
1216.jpg,0.043957605958
1217.jpg,0.0618761815131
1218.jpg,0.0576910339296
1219.jpg,0.0222881902009
121.jpg,0.168435379863
1220.jpg,0.0630120933056
1221.jpg,0.0261766258627
1222.jpg,0.0776902288198
1223.jpg,0.0153385140002
1224.jpg,0.699003815651
1225.jpg,0.0705359876156
1226.jpg,0.0140029545873
1227.jpg,0.53849953413
1228.jpg,0.169193163514
1229.jpg,0.0182651858777
122.jpg,0.330772340298
1230.jpg,0.70698350668
1231.jpg,0.00901491846889
1232.jpg,0.73167014122
1233.jpg,0.0018784039421
1234.jpg,0.0141135063022
1235.jpg,0.205871105194
1236.jpg,0.954572558403
1237.jpg,0.112330324948
1238.jpg,0.0979343131185
1239.jpg,0.0484566763043
123.jpg,0.332662463188
1240.jpg,0.00512321386486
1241.jpg,0.00386440032162
1242.jpg,0.13151563704
1243.jpg,0.00452595390379
1244.jpg,0.489358812571
1245.jpg,0.19710816443
1246.jpg,0.110218517482
1247.jpg,0.946668148041
1248.jpg,0.66452896595
1249.jpg,0.0321757905185
124.jpg,0.0648528337479
1250.jpg,0.0227278601378
1251.jpg,0.0239365529269
1252.jpg,0.0838203132153
1253.jpg,0.0258962772787
1254.jpg,0.00046246315469
1255.jpg,0.00995879992843
1256.jpg,0.177993476391
1257.jpg,0.134843379259
1258.jpg,0.0645559504628
1259.jpg,0.885489881039
125.jpg,0.134331613779
1260.jpg,0.0516480579972
1261.jpg,0.130079001188
1262.jpg,0.597923576832
1263.jpg,0.401913136244
1264.jpg,0.611401379108
1265.jpg,0.0566047914326
1266.jpg,0.759309470654
1267.jpg,0.240893021226
1268.jpg,0.00345485284925
1269.jpg,0.665963590145
126.jpg,0.257127314806
1270.jpg,0.438522338867
1271.jpg,0.701433956623
1272.jpg,0.13476318121
1273.jpg,0.125140443444
1274.jpg,0.508070230484
1275.jpg,0.0815137550235
1276.jpg,0.0403349734843
1277.jpg,0.093067869544
1278.jpg,0.00454136217013
1279.jpg,0.0732292532921
127.jpg,0.0572419986129
1280.jpg,0.644752264023
1281.jpg,0.0146703040227
1282.jpg,0.490804821253
1283.jpg,0.0631705895066
1284.jpg,0.206994727254
1285.jpg,0.00672050891444
1286.jpg,0.00953140296042
1287.jpg,0.271694362164
1288.jpg,0.0497869588435
1289.jpg,0.00986711122096
128.jpg,0.000786452845205
1290.jpg,0.0157693009824
1291.jpg,0.478857249022
1292.jpg,0.58780246973
1293.jpg,0.0978945493698
1294.jpg,0.15515729785
1295.jpg,0.0827368125319
1296.jpg,0.509858906269
1297.jpg,0.056759070605
1298.jpg,0.00702139735222
1299.jpg,0.00445031421259
129.jpg,0.065066292882
12.jpg,0.012685614638
1300.jpg,0.299205780029
1301.jpg,0.483456641436
1302.jpg,0.974740147591
1303.jpg,0.0132009200752
1304.jpg,0.41903051734
1305.jpg,0.0654149800539
1306.jpg,0.0251100305468
1307.jpg,0.215629786253
1308.jpg,0.022732604295
1309.jpg,0.103407278657
130.jpg,0.304109156132
1310.jpg,0.024075390771
1311.jpg,0.00316041870974
1312.jpg,0.04865597561
1313.jpg,0.0381113216281
1314.jpg,0.00352438469417
1315.jpg,0.00559032522142
1316.jpg,0.960821211338
1317.jpg,0.00483409687877
1318.jpg,0.00866113603115
1319.jpg,0.796325862408
131.jpg,0.0245438683778
1320.jpg,0.610994160175
1321.jpg,0.240415304899
1322.jpg,0.0538978911936
1323.jpg,0.0063933650963
1324.jpg,0.158395081758
1325.jpg,0.00285574118607
1326.jpg,0.072482585907
1327.jpg,0.204819247127
1328.jpg,0.0420015342534
1329.jpg,0.302355229855
132.jpg,0.00863082613796
1330.jpg,0.137740761042
1331.jpg,0.0980278775096
1332.jpg,0.319366067648
1333.jpg,0.366264253855
1334.jpg,0.389758735895
1335.jpg,0.388675302267
1336.jpg,0.0942438393831
1337.jpg,0.795681536198
1338.jpg,0.269852638245
1339.jpg,
133.jpg,0.0903128385544
1340.jpg,0.145534217358
1341.jpg,0.262452214956
1342.jpg,0.0343582481146
1343.jpg,0.270474553108
1344.jpg,0.0149483634159
1345.jpg,0.597973704338
1346.jpg,0.0067396000959
1347.jpg,0.135998919606
1348.jpg,0.0709946602583
1349.jpg,0.00876894872636
134.jpg,0.991681754589
1350.jpg,0.139861106873
1351.jpg,0.137229070067
1352.jpg,0.513025462627
1353.jpg,0.0680287852883
1354.jpg,0.567398071289
1355.jpg,0.757046759129
1356.jpg,0.00505860894918
1357.jpg,0.591391265392
1358.jpg,0.0164233781397
1359.jpg,0.00822648312896
135.jpg,0.096631385386
1360.jpg,0.906618595123
1361.jpg,0.112525261939
1362.jpg,0.270396173
1363.jpg,0.0636506229639
1364.jpg,0.0776595920324
1365.jpg,0.0075283315964
1366.jpg,0.361423999071
1367.jpg,0.811843395233
1368.jpg,0.0812310576439
1369.jpg,0.197381138802
136.jpg,0.066397190094
1370.jpg,0.264539778233
1371.jpg,0.954439818859
1372.jpg,0.0969159305096
1373.jpg,0.525715529919
1374.jpg,0.0684516951442
1375.jpg,0.0382899865508
1376.jpg,0.040694553405
1377.jpg,0.0308485850692
1378.jpg,0.395067930222
1379.jpg,0.171328142285
137.jpg,0.517704546452
1380.jpg,0.208231598139
1381.jpg,0.423728913069
1382.jpg,0.256533890963
1383.jpg,0.102140918374
1384.jpg,0.00684945471585
1385.jpg,0.915381789207
1386.jpg,0.10117969662
1387.jpg,0.165037974715
1388.jpg,0.00532360048965
1389.jpg,0.0213023684919
138.jpg,0.0217618644238
1390.jpg,0.153236404061
1391.jpg,0.00241130241193
1392.jpg,0.00466810818762
1393.jpg,0.0430515706539
1394.jpg,0.0115542272106
1395.jpg,0.532059371471
1396.jpg,0.617329955101
1397.jpg,0.989750444889
1398.jpg,0.00837257131934
1399.jpg,0.00128915393725
139.jpg,0.411693185568
13.jpg,0.0929065793753
1400.jpg,0.0198093000799
1401.jpg,0.481462180614
1402.jpg,0.20670850575
1403.jpg,0.0127039980143
1404.jpg,0.114332549274
1405.jpg,0.165107160807
1406.jpg,0.261747002602
1407.jpg,0.00272800750099
1408.jpg,0.107256583869
1409.jpg,0.0855101048946
140.jpg,0.268251806498
1410.jpg,0.0201355703175
1411.jpg,0.560597240925
1412.jpg,0.408311337233
1413.jpg,0.402421623468
1414.jpg,0.135493397713
1415.jpg,0.0114048365504
1416.jpg,0.0879971981049
1417.jpg,0.00655113393441
1418.jpg,0.0104391528293
1419.jpg,0.135716959834
141.jpg,0.971523165703
1420.jpg,0.726234436035
1421.jpg,0.0389509983361
1422.jpg,0.0663602799177
1423.jpg,0.0042154318653
1424.jpg,0.00489978538826
1425.jpg,0.00057782541262
1426.jpg,0.221300855279
1427.jpg,0.160053476691
1428.jpg,0.126472324133
1429.jpg,0.181269854307
142.jpg,0.0179371908307
1430.jpg,0.00996173545718
1431.jpg,0.115872420371
1432.jpg,0.0545865036547
1433.jpg,0.91129887104
1434.jpg,0.738449394703
1435.jpg,0.0387368351221
1436.jpg,0.0133522832766
1437.jpg,0.0142825376242
1438.jpg,0.140480056405
1439.jpg,0.0150314141065
143.jpg,0.0102197183296
1440.jpg,0.259004205465
1441.jpg,0.0153858792037
1442.jpg,0.775395214558
1443.jpg,0.0856579840183
1444.jpg,0.0801774412394
1445.jpg,0.0207245461643
1446.jpg,0.0344665721059
1447.jpg,0.0545632839203
1448.jpg,0.0820822268724
1449.jpg,0.00901840440929
144.jpg,0.0280248038471
1450.jpg,0.0433789342642
1451.jpg,0.0238491892815
1452.jpg,0.0381325818598
1453.jpg,0.256619483232
1454.jpg,0.0266055390239
1455.jpg,0.415790230036
1456.jpg,0.0226686820388
1457.jpg,0.385606825352
1458.jpg,0.0342742279172
1459.jpg,0.0700963810086
145.jpg,0.241705417633
1460.jpg,0.114565096796
1461.jpg,0.140741795301
1462.jpg,0.00911353714764
1463.jpg,0.0308146718889
1464.jpg,0.00183123117313
1465.jpg,0.0224644877017
1466.jpg,0.0173895433545
1467.jpg,0.0767612233758
1468.jpg,0.276944905519
1469.jpg,0.040143802762
146.jpg,0.0282667670399
1470.jpg,0.130102917552
1471.jpg,0.00241387751885
1472.jpg,0.0678956955671
1473.jpg,0.86084830761
1474.jpg,0.0934803038836
1475.jpg,0.0574465021491
1476.jpg,0.00343405269086
1477.jpg,0.474039524794
1478.jpg,0.00776381976902
1479.jpg,0.539606571198
147.jpg,0.0896437317133
1480.jpg,0.0197532530874
148.jpg,0.130354568362
149.jpg,0.0701193809509
14.jpg,0.0068471133709
150.jpg,0.109181910753
151.jpg,0.712190628052
152.jpg,0.965302288532
153.jpg,0.0694658830762
154.jpg,0.18381331861
155.jpg,0.328592449427
156.jpg,0.0079108690843
157.jpg,0.504957914352
158.jpg,0.603652596474
159.jpg,0.159462839365
15.jpg,0.032558247447
160.jpg,0.0246856212616
161.jpg,0.11994805187
162.jpg,0.187450110912
163.jpg,0.395799487829
164.jpg,0.0354824848473
165.jpg,0.0474102795124
166.jpg,0.0205440744758
167.jpg,0.00938895717263
168.jpg,0.114984199405
169.jpg,0.136856600642
16.jpg,0.0650161802769
170.jpg,0.0368198752403
171.jpg,0.00860047526658
172.jpg,0.00381119758822
173.jpg,0.105473518372
174.jpg,0.0786611437798
175.jpg,0.350847572088
176.jpg,0.129259675741
177.jpg,0.9921246171
178.jpg,0.0175242554396
179.jpg,0.00778863858432
17.jpg,0.00597998406738
180.jpg,0.094889305532
181.jpg,0.171431615949
182.jpg,0.104017220438
183.jpg,0.427956223488
184.jpg,0.064262881875
185.jpg,0.146561920643
186.jpg,0.976617455482
187.jpg,0.661887526512
188.jpg,0.387374132872
189.jpg,0.0143141783774
18.jpg,0.00405004667118
190.jpg,0.186448276043
191.jpg,0.138066574931
192.jpg,0.0822194293141
193.jpg,0.0670558363199
194.jpg,0.213643416762
195.jpg,0.049025285989
196.jpg,0.849370718002
197.jpg,0.138613283634
198.jpg,0.113894470036
199.jpg,0.0241689272225
19.jpg,0.206952571869
1.jpg,0.0902604311705
200.jpg,0.479409217834
201.jpg,0.49407941103
202.jpg,0.0571229197085
203.jpg,0.030714970082
204.jpg,0.536241710186
205.jpg,0.0810338035226
206.jpg,0.595184147358
207.jpg,0.028353523463
208.jpg,0.134041279554
209.jpg,0.00451721437275
20.jpg,0.14081685245
210.jpg,0.0586630441248
211.jpg,0.906420588493
212.jpg,0.15752863884
213.jpg,0.251758515835
214.jpg,0.243802517653
215.jpg,0.0593315437436
216.jpg,0.338984966278
217.jpg,0.00230011460371
218.jpg,0.0102176824585
219.jpg,0.0388024263084
21.jpg,0.414617568254
220.jpg,0.0977552160621
221.jpg,0.711052715778
222.jpg,0.0775999426842
223.jpg,0.0266153570265
224.jpg,0.0278200898319
225.jpg,0.0114192217588
226.jpg,0.905042111874
227.jpg,0.0640335008502
228.jpg,0.0024001148995
229.jpg,0.118045978248
22.jpg,0.0717625021935
230.jpg,0.136643484235
231.jpg,0.391341239214
232.jpg,0.269182056189
233.jpg,0.127578124404
234.jpg,0.758361339569
235.jpg,0.262685269117
236.jpg,0.00651315879077
237.jpg,0.277338176966
238.jpg,0.0192713551223
239.jpg,0.0118688866496
23.jpg,0.0885220095515
240.jpg,0.280570417643
241.jpg,0.0108208572492
242.jpg,0.776406228542
243.jpg,0.866003096104
244.jpg,0.0264084953815
245.jpg,0.0260749701411
246.jpg,0.0589400306344
247.jpg,0.326408356428
248.jpg,0.0205085258931
249.jpg,0.018689667806
24.jpg,0.550208628178
250.jpg,0.0860363543034
251.jpg,0.00551573326811
252.jpg,0.0350530706346
253.jpg,0.769006848335
254.jpg,0.330315291882
255.jpg,0.537656843662
256.jpg,0.0159917213023
257.jpg,0.0272922217846
258.jpg,0.0345459245145
259.jpg,0.00797926355153
25.jpg,0.907138764858
260.jpg,0.0852643176913
261.jpg,0.406435102224
262.jpg,0.00918113160878
263.jpg,0.163496032357
264.jpg,0.241620868444
265.jpg,0.0936465114355
266.jpg,0.263789981604
267.jpg,0.0308051314205
268.jpg,0.0244724079967
269.jpg,0.0309143457562
26.jpg,0.0769374966621
270.jpg,0.47087880969
271.jpg,0.313805013895
272.jpg,0.0404122509062
273.jpg,0.00596850737929
274.jpg,0.973392605782
275.jpg,0.523210644722
276.jpg,0.861721515656
277.jpg,0.222595855594
278.jpg,0.131933569908
279.jpg,0.845494568348
27.jpg,0.0318727307022
280.jpg,0.110834442079
281.jpg,0.0206301920116
282.jpg,0.0176532361656
283.jpg,0.143945977092
284.jpg,0.0849149376154
285.jpg,0.00558951916173
286.jpg,0.370770096779
287.jpg,0.221532866359
288.jpg,0.894286513329
289.jpg,0.139618098736
28.jpg,0.00198820489459
290.jpg,0.0169551149011
291.jpg,0.0536423251033
292.jpg,0.172326251864
293.jpg,0.0253130216151
294.jpg,0.133980438113
295.jpg,0.0180142857134
296.jpg,0.0870738103986
297.jpg,0.0946272313595
298.jpg,0.00344280106947
299.jpg,0.070137411356
29.jpg,0.0440715737641
2.jpg,0.0616948753595
300.jpg,0.0841506123543
301.jpg,0.579724252224
302.jpg,0.0147888176143
303.jpg,0.758579134941
304.jpg,0.779590427876
305.jpg,0.155084609985
306.jpg,0.0257499534637
307.jpg,0.767268419266
308.jpg,0.455168843269
309.jpg,0.194969832897
30.jpg,0.03590676561
310.jpg,0.207470670342
311.jpg,0.627941071987
312.jpg,0.070157662034
313.jpg,0.776108026505
314.jpg,0.452694565058
315.jpg,0.028479790315
316.jpg,0.0305908024311
317.jpg,0.10982631892
318.jpg,0.0429799817502
319.jpg,0.980516076088
31.jpg,0.948787212372
320.jpg,0.406318366528
321.jpg,0.0354600176215
322.jpg,0.870691478252
323.jpg,0.559617996216
324.jpg,0.257422208786
325.jpg,0.0332201607525
326.jpg,0.118345633149
327.jpg,0.0145775368437
328.jpg,0.37396672368
329.jpg,0.10102827847
32.jpg,0.0124127566814
330.jpg,0.0195372682065
331.jpg,0.0610765516758
332.jpg,0.0981971994042
333.jpg,0.111721232533
334.jpg,0.0518478788435
335.jpg,0.714998483658
336.jpg,0.875430941582
337.jpg,0.0478912442923
338.jpg,0.892867684364
339.jpg,0.00258548930287
33.jpg,0.055473651737
340.jpg,0.760148227215
341.jpg,0.121067024767
342.jpg,0.0513908192515
343.jpg,0.22703845799
344.jpg,0.463082194328
345.jpg,0.130015447736
346.jpg,0.102608710527
347.jpg,0.242878943682
348.jpg,0.08172596246
349.jpg,0.0151589782909
34.jpg,0.0374731831253
350.jpg,0.0772940963507
351.jpg,0.861098587513
352.jpg,0.119133189321
353.jpg,0.0209698583931
354.jpg,0.552499771118
355.jpg,0.266227066517
356.jpg,0.815485239029
357.jpg,0.0458722412586
358.jpg,0.173227488995
359.jpg,0.639856159687
35.jpg,0.263995617628
360.jpg,0.0218362864107
361.jpg,0.244212463498
362.jpg,0.0123326489702
363.jpg,0.394486665726
364.jpg,0.168009921908
365.jpg,0.0133613059297
366.jpg,0.0869128555059
367.jpg,0.095621638
368.jpg,0.831868052483
369.jpg,0.0119276596233
36.jpg,0.84903460741
370.jpg,0.665328085423
371.jpg,0.0357455313206
372.jpg,0.386712342501
373.jpg,0.0815960094333
374.jpg,0.088108330965
375.jpg,0.122414760292
376.jpg,0.0912226736546
377.jpg,0.00736380368471
378.jpg,0.168183684349
379.jpg,0.0606817416847
37.jpg,0.028777403757
380.jpg,0.09422968328
381.jpg,0.0409438684583
382.jpg,0.340068906546
383.jpg,0.0641620531678
384.jpg,0.0315448865294
385.jpg,0.990438878536
386.jpg,0.0759486481547
387.jpg,0.111774884164
388.jpg,0.00710443593562
389.jpg,0.00919623952359
38.jpg,0.202305704355
390.jpg,0.65722900629
391.jpg,0.187070339918
392.jpg,0.0678331628442
393.jpg,0.0133659346029
394.jpg,0.00537571124732
395.jpg,0.0146218100563
396.jpg,0.747186005116
397.jpg,0.698686301708
398.jpg,0.178450673819
399.jpg,0.17015273869
39.jpg,0.173208504915
3.jpg,0.601836264133
400.jpg,0.161144658923
401.jpg,0.00214705034159
402.jpg,0.900398135185
403.jpg,0.0858868658543
404.jpg,0.220380753279
405.jpg,0.0516722165048
406.jpg,0.0160742532462
407.jpg,0.0248177833855
408.jpg,0.0405291505158
409.jpg,0.0320214629173
40.jpg,0.118868738413
410.jpg,0.830511987209
411.jpg,0.00191665242892
412.jpg,0.950000286102
413.jpg,0.073243945837
414.jpg,0.0503173023462
415.jpg,0.154433757067
416.jpg,0.0341940298676
417.jpg,0.0303485989571
418.jpg,0.803572535515
419.jpg,0.403603613377
41.jpg,0.664918422699
420.jpg,0.422533899546
421.jpg,0.230868786573
422.jpg,0.360258936882
423.jpg,0.0230038780719
424.jpg,0.00074164045509
425.jpg,0.536683320999
426.jpg,0.0214170943946
427.jpg,0.120973266661
428.jpg,0.0837730839849
429.jpg,0.474981784821
42.jpg,0.925004124641
430.jpg,0.109268985689
431.jpg,0.00154946616385
432.jpg,0.00608821725473
433.jpg,0.537946999073
434.jpg,0.0104400794953
435.jpg,0.169824078679
436.jpg,0.0017081478145
437.jpg,0.15811291337
438.jpg,0.144262507558
439.jpg,0.0130746290088
43.jpg,0.0426931716502
440.jpg,0.26819974184
441.jpg,0.0772665888071
442.jpg,0.0303567703813
443.jpg,0.074575021863
444.jpg,0.383782416582
445.jpg,0.902307033539
446.jpg,0.153881877661
447.jpg,0.0127924457192
448.jpg,0.349361032248
449.jpg,0.165309935808
44.jpg,0.561693310738
450.jpg,0.800924599171
451.jpg,0.204323962331
452.jpg,0.933598160744
453.jpg,0.407527029514
454.jpg,0.0648541599512
455.jpg,0.0757880806923
456.jpg,0.772737443447
457.jpg,0.153718858957
458.jpg,0.0265747606754
459.jpg,0.178205609322
45.jpg,0.0032703159377
460.jpg,0.577617704868
461.jpg,0.0505181513727
462.jpg,0.0549873448908
463.jpg,0.251890510321
464.jpg,0.0217572581023
465.jpg,0.322614312172
466.jpg,0.0669165477157
467.jpg,0.765775382519
468.jpg,0.00514891836792
469.jpg,0.12029979378
46.jpg,0.0280239321291
470.jpg,0.0538359172642
471.jpg,0.0332908481359
472.jpg,0.132457390428
473.jpg,0.319965839386
474.jpg,0.0790141895413
475.jpg,0.255559772253
476.jpg,0.504436433315
477.jpg,0.0262266434729
478.jpg,0.0183109007776
479.jpg,0.12030851841
47.jpg,0.0233841985464
480.jpg,0.0381852462888
481.jpg,0.193768724799
482.jpg,0.0402290485799
483.jpg,0.682680606842
484.jpg,0.117225855589
485.jpg,0.00782430917025
486.jpg,0.201787173748
487.jpg,0.0296671036631
488.jpg,0.312078803778
489.jpg,0.0609125234187
48.jpg,0.136532902718
490.jpg,0.437821179628
491.jpg,0.0276893991977
492.jpg,0.01994064264
493.jpg,0.0472341924906
494.jpg,0.00108477391768
495.jpg,0.168480753899
496.jpg,0.00241584167816
497.jpg,0.00246456358582
498.jpg,0.0055243903771
499.jpg,0.0429742000997
49.jpg,0.00159867946059
4.jpg,0.0194695349783
500.jpg,0.0493296533823
501.jpg,0.169366016984
502.jpg,0.0294394474477
503.jpg,0.134952068329
504.jpg,0.0802463665605
505.jpg,0.242127120495
506.jpg,0.139322385192
507.jpg,0.0405200608075
508.jpg,0.0801978111267
509.jpg,0.577792525291
50.jpg,0.393153458834
510.jpg,0.353774249554
511.jpg,0.0740646198392
512.jpg,0.0543206334114
513.jpg,0.800847172737
514.jpg,0.0145421996713
515.jpg,0.0503835119307
516.jpg,0.0355239212513
517.jpg,0.990714669228
518.jpg,0.255567967892
519.jpg,0.341759026051
51.jpg,0.0590789057314
520.jpg,0.165630966425
521.jpg,0.91179805994
522.jpg,0.317622035742
523.jpg,0.026698326692
524.jpg,0.00501937791705
525.jpg,0.24674962461
526.jpg,0.000538798456546
527.jpg,0.00294161797501
528.jpg,0.896583974361
529.jpg,0.140943780541
52.jpg,0.142774313688
530.jpg,0.945278763771
531.jpg,0.0267418641597
532.jpg,0.0350721403956
533.jpg,0.00171195995063
534.jpg,0.0763649567962
535.jpg,0.163162320852
536.jpg,0.00185355672147
537.jpg,0.238572403789
538.jpg,0.0497723855078
539.jpg,0.117763184011
53.jpg,0.816593945026
540.jpg,0.102073065937
541.jpg,0.119767218828
542.jpg,0.0819985941052
543.jpg,0.0544234365225
544.jpg,0.021441090852
545.jpg,0.188890382648
546.jpg,0.464028477669
547.jpg,0.049868773669
548.jpg,0.106645658612
549.jpg,0.161951199174
54.jpg,0.198546782136
550.jpg,0.0162864588201
551.jpg,0.511105954647
552.jpg,0.0272844377905
553.jpg,0.00157797569409
554.jpg,0.474761933088
555.jpg,0.177187994123
556.jpg,0.0319808460772
557.jpg,0.151215404272
558.jpg,0.226999387145
559.jpg,0.0501573123038
55.jpg,0.160782247782
560.jpg,0.0506214499474
561.jpg,0.084631472826
562.jpg,0.0771713480353
563.jpg,0.110324807465
564.jpg,0.103403382003
565.jpg,0.00850746501237
566.jpg,0.129136249423
567.jpg,0.858964502811
568.jpg,0.159306436777
569.jpg,0.0880248099566
56.jpg,0.17080116272
570.jpg,0.273372620344
571.jpg,0.211329042912
572.jpg,0.186799660325
573.jpg,0.00530102010816
574.jpg,0.0449705012143
575.jpg,0.979395985603
576.jpg,0.00382474553771
577.jpg,0.0372731909156
578.jpg,0.167009532452
579.jpg,0.419215679169
57.jpg,0.609402239323
580.jpg,0.0566194318235
581.jpg,0.140694335103
582.jpg,0.610522925854
583.jpg,0.402544915676
584.jpg,0.493342041969
585.jpg,0.203956514597
586.jpg,0.0189170371741
587.jpg,0.448826819658
588.jpg,0.0365959778428
589.jpg,0.0480737127364
58.jpg,0.0409114323556
590.jpg,0.0262122284621
591.jpg,0.168245241046
592.jpg,0.0793326199055
593.jpg,0.0255344305187
594.jpg,0.346398949623
595.jpg,0.110354810953
596.jpg,0.00871746521443
597.jpg,0.709900617599
598.jpg,0.848407268524
599.jpg,0.215044677258
59.jpg,0.0883222743869
5.jpg,0.111500002444
600.jpg,0.0120996786281
601.jpg,0.0379851944745
602.jpg,0.190394341946
603.jpg,0.324847131968
604.jpg,0.0686199143529
605.jpg,0.137681111693
606.jpg,0.00369575247169
607.jpg,0.0213941223919
608.jpg,0.293484330177
609.jpg,0.0632658079267
60.jpg,0.0369182415307
610.jpg,0.772116303444
611.jpg,0.0603209063411
612.jpg,0.0469129905105
613.jpg,0.954500317574
614.jpg,0.0260226950049
615.jpg,0.243419542909
616.jpg,0.0174768809229
617.jpg,0.490752190351
618.jpg,0.0484149605036
619.jpg,0.318929344416
61.jpg,0.0547998249531
620.jpg,0.0443473272026
621.jpg,0.307731360197
622.jpg,0.0181348249316
623.jpg,0.14141215384
624.jpg,0.807201445103
625.jpg,0.00974640343338
626.jpg,0.20558398962
627.jpg,0.228564441204
628.jpg,0.119320817292
629.jpg,0.334889739752
62.jpg,0.0459719337523
630.jpg,0.07224034518
631.jpg,0.198461294174
632.jpg,0.886343181133
633.jpg,0.00887282285839
634.jpg,0.0592659264803
635.jpg,0.0224900599569
636.jpg,0.75123333931
637.jpg,0.0665947273374
638.jpg,0.165486112237
639.jpg,0.0164855215698
63.jpg,0.0129242315888
640.jpg,0.349705666304
641.jpg,0.156271785498
642.jpg,0.561722457409
643.jpg,0.00808978453279
644.jpg,0.151281937957
645.jpg,0.194945305586
646.jpg,0.0415002703667
647.jpg,0.00798654742539
648.jpg,0.00291952188127
649.jpg,0.0285683590919
64.jpg,0.053488239646
650.jpg,0.0836171507835
651.jpg,0.0569607988
652.jpg,0.0498527996242
653.jpg,0.101150430739
654.jpg,0.471727132797
655.jpg,0.0422134250402
656.jpg,0.0314115732908
657.jpg,0.129192888737
658.jpg,0.117251798511
659.jpg,0.396447122097
65.jpg,0.0868481397629
660.jpg,0.0646053180099
661.jpg,0.49908182025
662.jpg,0.0581370778382
663.jpg,0.0120631866157
664.jpg,0.0199029389769
665.jpg,0.333429843187
666.jpg,0.775454580784
667.jpg,0.131589770317
668.jpg,0.00461141439155
669.jpg,0.135342285037
66.jpg,0.0714833512902
670.jpg,0.0567030310631
671.jpg,0.0392825715244
672.jpg,0.0246383547783
673.jpg,0.14857429266
674.jpg,0.09899892658
675.jpg,0.580728590488
676.jpg,0.437556684017
677.jpg,0.00187926436774
678.jpg,0.261037498713
679.jpg,0.0678475573659
67.jpg,0.597796559334
680.jpg,0.00362541433424
681.jpg,0.120019152761
682.jpg,0.236533969641
683.jpg,0.0417593568563
684.jpg,0.153537660837
685.jpg,0.187185928226
686.jpg,0.0275572445244
687.jpg,0.0562993437052
688.jpg,0.0129973841831
689.jpg,0.0206249319017
68.jpg,0.0190775785595
690.jpg,0.973941504955
691.jpg,0.00680254912004
692.jpg,0.0404151007533
693.jpg,0.235783576965
694.jpg,0.0748896077275
695.jpg,0.00269751111045
696.jpg,0.00144600542262
697.jpg,0.0192807558924
698.jpg,0.0886485949159
699.jpg,0.0238470565528
69.jpg,0.907060980797
6.jpg,0.00236448575743
700.jpg,0.673926353455
701.jpg,0.427530646324
702.jpg,0.334110558033
703.jpg,0.614090979099
704.jpg,0.00857225526124
705.jpg,0.38396281004
706.jpg,0.0300306435674
707.jpg,0.0224166512489
708.jpg,0.00691376393661
709.jpg,0.00155273755081
70.jpg,0.00142865243834
710.jpg,0.0247343908995
711.jpg,0.97098249197
712.jpg,0.00695869605988
713.jpg,0.0179512742907
714.jpg,0.205226808786
715.jpg,0.181419283152
716.jpg,0.592764616013
717.jpg,0.111954495311
718.jpg,0.189294159412
719.jpg,0.0896686837077
71.jpg,0.0238672364503
720.jpg,0.00597822107375
721.jpg,0.0367115326226
722.jpg,0.235352471471
723.jpg,0.162659183145
724.jpg,0.0177559573203
725.jpg,0.155090510845
726.jpg,0.0252042524517
727.jpg,0.441879481077
728.jpg,0.712949991226
729.jpg,0.0344294756651
72.jpg,0.081405043602
730.jpg,0.274511992931
731.jpg,0.0981570035219
732.jpg,0.0362307243049
733.jpg,0.119063906372
734.jpg,0.025184776634
735.jpg,0.0188691299409
736.jpg,0.663505554199
737.jpg,0.816097378731
738.jpg,0.10242126137
739.jpg,0.0267849136144
73.jpg,0.278892695904
740.jpg,0.0298624690622
741.jpg,0.396147578955
742.jpg,0.786820590496
743.jpg,0.421666145325
744.jpg,0.503137350082
745.jpg,0.0377208776772
746.jpg,0.0351574905217
747.jpg,0.191150024533
748.jpg,0.0339487195015
749.jpg,0.528854250908
74.jpg,0.0920592024922
750.jpg,0.00913169328123
751.jpg,0.23895765841
752.jpg,0.0100874006748
753.jpg,0.102110393345
754.jpg,0.258001625538
755.jpg,0.983170092106
756.jpg,0.00047201369307
757.jpg,0.273871302605
758.jpg,0.447057545185
759.jpg,0.214872837067
75.jpg,0.00825426820666
760.jpg,0.461790949106
761.jpg,0.0259633027017
762.jpg,0.290972173214
763.jpg,0.413176655769
764.jpg,0.0115562546998
765.jpg,0.533539175987
766.jpg,0.0799212381244
767.jpg,0.162095203996
768.jpg,0.00740918330848
769.jpg,0.0309319030493
76.jpg,0.0147684831172
770.jpg,0.0771344453096
771.jpg,0.0173475835472
772.jpg,0.057580858469
773.jpg,0.237234279513
774.jpg,0.0618914924562
775.jpg,0.278585195541
776.jpg,0.0617389753461
777.jpg,0.690127670765
778.jpg,0.521037697792
779.jpg,0.0972873568535
77.jpg,0.0166768282652
780.jpg,0.189785405993
781.jpg,0.0671896934509
782.jpg,0.31340265274
783.jpg,0.39829453826
784.jpg,0.392960786819
785.jpg,0.74784886837
786.jpg,0.310444504023
787.jpg,0.0494505427778
788.jpg,0.188981428742
789.jpg,0.0686750859022
78.jpg,0.151627361774
790.jpg,0.685766398907
791.jpg,0.302289962769
792.jpg,0.0277271680534
793.jpg,0.0276408232749
794.jpg,0.0613409914076
795.jpg,0.0369080975652
796.jpg,0.274678349495
797.jpg,0.287141740322
798.jpg,0.570769131184
799.jpg,0.0324552990496
79.jpg,0.839200675488
7.jpg,0.255395561457
800.jpg,0.322714477777
801.jpg,0.414664983749
802.jpg,0.173567324877
803.jpg,0.529583752155
804.jpg,0.462145388126
805.jpg,0.0292834546417
806.jpg,0.556868553162
807.jpg,0.0325991883874
808.jpg,0.424139916897
809.jpg,0.258846104145
80.jpg,0.0541509389877
810.jpg,0.0125424461439
811.jpg,0.0438036285341
812.jpg,0.104854591191
813.jpg,0.594125688076
814.jpg,0.0274805910885
815.jpg,0.547421574593
816.jpg,0.0187438949943
817.jpg,0.0564232580364
818.jpg,0.00782031193376
819.jpg,0.168102145195
81.jpg,0.0365160033107
820.jpg,0.0841745436192
821.jpg,0.00752301746979
822.jpg,0.213902980089
823.jpg,0.698351323605
824.jpg,0.0216986946762
825.jpg,0.0173194725066
826.jpg,0.999017477036
827.jpg,0.0113116735592
828.jpg,0.109929017723
829.jpg,0.236835971475
82.jpg,0.188317269087
830.jpg,0.384518265724
831.jpg,0.532921850681
832.jpg,0.811761915684
833.jpg,0.0284511223435
834.jpg,0.721535146236
835.jpg,0.0438817255199
836.jpg,0.0909271389246
837.jpg,0.025128973648
838.jpg,0.0891602858901
839.jpg,0.214337602258
83.jpg,0.156975537539
840.jpg,0.238459154963
841.jpg,0.0296277347952
842.jpg,0.0286936052144
843.jpg,0.0410804003477
844.jpg,0.0242441985756
845.jpg,0.015528828837
846.jpg,0.0744345262647
847.jpg,0.0169766582549
848.jpg,0.111289255321
849.jpg,0.101979568601
84.jpg,0.114772379398
850.jpg,0.101966261864
851.jpg,0.201928153634
852.jpg,0.0190742872655
853.jpg,0.295466989279
854.jpg,0.0388385951519
855.jpg,0.0894613191485
856.jpg,0.00379688618705
857.jpg,0.0647710934281
858.jpg,0.803319275379
859.jpg,0.329283893108
85.jpg,0.260996162891
860.jpg,0.0572550706565
861.jpg,0.792459309101
862.jpg,0.201766774058
863.jpg,0.162091240287
864.jpg,0.30334058404
865.jpg,0.537076592445
866.jpg,0.186633959413
867.jpg,0.0105141643435
868.jpg,0.172454833984
869.jpg,0.0299254264683
86.jpg,0.0289629083127
870.jpg,0.0558222383261
871.jpg,0.0247629079968
872.jpg,0.320636481047
873.jpg,0.00106417061761
874.jpg,0.165060266852
875.jpg,0.149915903807
876.jpg,0.641030430794
877.jpg,0.339053094387
878.jpg,0.4379953444
879.jpg,0.128942847252
87.jpg,0.0535036213696
880.jpg,0.484433859587
881.jpg,0.163899883628
882.jpg,0.109885536134
883.jpg,0.0324409715831
884.jpg,0.0231483969837
885.jpg,0.619675040245
886.jpg,0.201251626015
887.jpg,0.0454432368279
888.jpg,0.188351020217
889.jpg,0.999230742455
88.jpg,0.186128214002
890.jpg,0.18005913496
891.jpg,0.0400091409683
892.jpg,0.192563802004
893.jpg,0.029875619337
894.jpg,0.0350084379315
895.jpg,0.00633437046781
896.jpg,0.16144707799
897.jpg,0.0236465539783
898.jpg,0.204960405827
899.jpg,0.490769147873
89.jpg,0.51495462656
8.jpg,0.0428621992469
900.jpg,0.320917576551
901.jpg,0.108096659184
902.jpg,0.157781124115
903.jpg,0.0971513167024
904.jpg,0.102816976607
905.jpg,0.0823626443744
906.jpg,0.020158233121
907.jpg,0.17886865139
908.jpg,0.0333210155368
909.jpg,0.0852931439877
90.jpg,0.0224344134331
910.jpg,0.00224245828576
911.jpg,0.216169387102
912.jpg,0.0728042274714
913.jpg,0.853453993797
914.jpg,0.0256686061621
915.jpg,0.752849638462
916.jpg,0.0117017030716
917.jpg,0.0191708505154
918.jpg,0.0452789776027
919.jpg,0.219066023827
91.jpg,0.50132226944
920.jpg,0.229727312922
921.jpg,0.351839989424
922.jpg,0.182657822967
923.jpg,0.148545131087
924.jpg,0.275007873774
925.jpg,0.238810867071
926.jpg,0.0285127386451
927.jpg,0.0322483628988
928.jpg,0.0194419268519
929.jpg,0.00388668384403
92.jpg,0.949073255062
930.jpg,0.0578059218824
931.jpg,0.256759226322
932.jpg,0.0203370079398
933.jpg,0.109614983201
934.jpg,0.0243776049465
935.jpg,0.0181436948478
936.jpg,0.372947543859
937.jpg,0.964859247208
938.jpg,0.575250089169
939.jpg,0.0378079116344
93.jpg,0.0803417563438
940.jpg,0.0899834483862
941.jpg,0.209352061152
942.jpg,0.594646751881
943.jpg,0.0143215470016
944.jpg,0.96298635006
945.jpg,0.227665707469
946.jpg,0.0489045754075
947.jpg,0.798408031464
948.jpg,0.261423379183
949.jpg,0.0295314434916
94.jpg,0.00975194107741
950.jpg,0.0788739770651
951.jpg,0.0123257171363
952.jpg,0.745585143566
953.jpg,0.0792535245419
954.jpg,0.13627654314
955.jpg,0.0196501351893
956.jpg,0.141053363681
957.jpg,0.0193349476904
958.jpg,0.103608772159
959.jpg,0.067346855998
95.jpg,0.136966556311
960.jpg,0.0779602378607
961.jpg,0.0513828955591
962.jpg,0.0368041694164
963.jpg,0.0232273265719
964.jpg,0.195986166596
965.jpg,0.0776870176196
966.jpg,0.839799165726
967.jpg,0.01893886365
968.jpg,0.0138133075088
969.jpg,0.0136409411207
96.jpg,0.0232818480581
970.jpg,0.0248794239014
971.jpg,0.00865016225725
972.jpg,0.60694360733
973.jpg,0.639051735401
974.jpg,0.82545799017
975.jpg,0.0231412388384
976.jpg,0.446345359087
977.jpg,0.0187683068216
978.jpg,0.475435137749
979.jpg,0.367788344622
97.jpg,0.0145408790559
980.jpg,0.565438091755
981.jpg,0.116954214871
982.jpg,0.000492575694807
983.jpg,0.194104865193
984.jpg,0.881743431091
985.jpg,0.2195161134
986.jpg,0.426533639431
987.jpg,0.00436944002286
988.jpg,0.0149425789714
989.jpg,0.0701253265142
98.jpg,0.0367823392153
990.jpg,0.0206454098225
991.jpg,0.00190483615734
992.jpg,0.320507735014
993.jpg,0.145580157638
994.jpg,0.108451083302
995.jpg,0.0865774825215
996.jpg,0.0230064615607
997.jpg,0.207809463143
998.jpg,0.106345459819
999.jpg,0.425442814827
99.jpg,0.00283941626549
9.jpg,0.0135899335146
