1012.jpg,6039427.0
434.jpg,4911130.0
211.jpg,6316507.0
1241.jpg,8361461.0
673.jpg,7714414.0
662.jpg,6075107.0
1261.jpg,5632119.0
999.jpg,3208014.0
646.jpg,7941033.0
876.jpg,7149474.0
284.jpg,7508109.0
370.jpg,5101348.0
243.jpg,3061678.0
186.jpg,1199575.0
830.jpg,3074622.0
577.jpg,8266130.0
891.jpg,6354223.0
1333.jpg,5016067.0
1289.jpg,3122693.0
442.jpg,4433277.0
144.jpg,8416932.0
984.jpg,5347466.0
1314.jpg,7786878.0
275.jpg,7211563.0
353.jpg,8569740.0
19.jpg,6458533.0
603.jpg,6143810.0
12.jpg,3752380.0
365.jpg,5482895.0
1479.jpg,3793057.0
852.jpg,7903566.0
1183.jpg,4248612.0
711.jpg,6448542.0
1464.jpg,8443871.0
1157.jpg,8827132.0
1205.jpg,9024966.0
1291.jpg,5972507.0
519.jpg,7150975.0
1008.jpg,4953055.0
159.jpg,3532948.0
67.jpg,7912940.0
1096.jpg,3432799.0
805.jpg,7467644.0
679.jpg,6526195.0
366.jpg,7320491.0
1099.jpg,6375242.0
1219.jpg,8015974.0
676.jpg,5921904.0
397.jpg,4605059.0
821.jpg,7180539.0
53.jpg,2108069.0
1022.jpg,8300308.0
70.jpg,8329609.0
1140.jpg,7243524.0
546.jpg,7851633.0
896.jpg,2708180.0
433.jpg,5401446.0
584.jpg,5704324.0
1204.jpg,4455960.0
1267.jpg,7213811.0
739.jpg,7898237.0
354.jpg,3787572.0
912.jpg,6597806.0
407.jpg,6153681.0
1376.jpg,684791.0
657.jpg,4782874.0
776.jpg,8507324.0
1070.jpg,6954211.0
303.jpg,4126064.0
718.jpg,8778778.0
511.jpg,7959348.0
967.jpg,8359623.0
569.jpg,6890904.0
949.jpg,7177652.0
851.jpg,6871695.0
1088.jpg,8531782.0
1042.jpg,8266389.0
599.jpg,7558782.0
118.jpg,6623486.0
1124.jpg,2275578.0
997.jpg,6300775.0
710.jpg,4153849.0
767.jpg,8881074.0
486.jpg,7436629.0
951.jpg,5108125.0
1050.jpg,6685958.0
1265.jpg,8035062.0
349.jpg,7302772.0
666.jpg,7847381.0
1382.jpg,7544422.0
386.jpg,7917661.0
120.jpg,6884630.0
758.jpg,7926627.0
332.jpg,7466213.0
325.jpg,7724108.0
678.jpg,8147407.0
203.jpg,7673126.0
789.jpg,8133609.0
497.jpg,9073964.0
1097.jpg,5079578.0
396.jpg,6488732.0
620.jpg,6128173.0
476.jpg,6992770.0
1365.jpg,6607824.0
1223.jpg,7378570.0
746.jpg,2430963.0
1393.jpg,5896622.0
422.jpg,5520837.0
304.jpg,3995289.0
1430.jpg,2185290.0
604.jpg,7693852.0
182.jpg,4423230.0
1401.jpg,5642640.0
1292.jpg,8457411.0
1134.jpg,5729599.0
971.jpg,5452964.0
271.jpg,5702705.0
855.jpg,9145484.0
1253.jpg,1762414.0
399.jpg,8245824.0
1458.jpg,7666563.0
52.jpg,5263826.0
352.jpg,5555707.0
1443.jpg,8034079.0
333.jpg,7454203.0
1390.jpg,3795207.0
421.jpg,2355443.0
1113.jpg,7040400.0
103.jpg,6564858.0
715.jpg,8528106.0
650.jpg,6371728.0
924.jpg,7636666.0
601.jpg,7972582.0
1301.jpg,6780936.0
944.jpg,7855992.0
1177.jpg,8533210.0
913.jpg,3476377.0
46.jpg,7305558.0
0.jpg,6930254.0
850.jpg,6111828.0
800.jpg,6037020.0
804.jpg,4720700.0
514.jpg,6789312.0
1005.jpg,3203570.0
208.jpg,7669300.0
1232.jpg,4482474.0
1463.jpg,7837865.0
174.jpg,8999450.0
1308.jpg,6452797.0
290.jpg,7531036.0
471.jpg,7814835.0
413.jpg,4079153.0
1362.jpg,5698138.0
542.jpg,8512706.0
694.jpg,7196511.0
730.jpg,6431457.0
1048.jpg,9136043.0
472.jpg,5081372.0
893.jpg,7851104.0
1331.jpg,7243527.0
440.jpg,6439376.0
1123.jpg,3424173.0
980.jpg,7485185.0
357.jpg,7672272.0
812.jpg,8213696.0
1455.jpg,6500539.0
494.jpg,6667824.0
704.jpg,8989435.0
318.jpg,6000353.0
1304.jpg,4881329.0
724.jpg,6576137.0
1248.jpg,8211289.0
483.jpg,1066986.0
269.jpg,4764205.0
1349.jpg,4049623.0
1056.jpg,7090281.0
763.jpg,6391855.0
478.jpg,6612950.0
130.jpg,8577375.0
112.jpg,8044979.0
346.jpg,4022174.0
1293.jpg,6573030.0
263.jpg,5734418.0
230.jpg,8457568.0
457.jpg,7312770.0
617.jpg,7723005.0
151.jpg,5111578.0
1272.jpg,9098280.0
1340.jpg,6332281.0
1235.jpg,8150146.0
1332.jpg,7784068.0
1100.jpg,9438159.0
1175.jpg,7510074.0
689.jpg,7871293.0
153.jpg,5142591.0
885.jpg,8181217.0
780.jpg,7372743.0
1336.jpg,3911029.0
190.jpg,4476948.0
1010.jpg,7844129.0
1020.jpg,5656417.0
447.jpg,7535830.0
368.jpg,5826238.0
741.jpg,4731656.0
128.jpg,7622151.0
339.jpg,7771285.0
873.jpg,10945620.0
1431.jpg,8915859.0
169.jpg,8370168.0
1453.jpg,5871868.0
976.jpg,6882669.0
1112.jpg,7106404.0
600.jpg,5269793.0
1364.jpg,8966284.0
1200.jpg,6966442.0
477.jpg,8225975.0
783.jpg,8873190.0
697.jpg,6077932.0
177.jpg,4540802.0
1341.jpg,7841382.0
456.jpg,4758785.0
1158.jpg,5002723.0
1013.jpg,6045795.0
106.jpg,8065358.0
979.jpg,7210718.0
737.jpg,5184008.0
258.jpg,8699262.0
428.jpg,7217892.0
744.jpg,10331984.0
869.jpg,9299136.0
1399.jpg,4666940.0
1417.jpg,4836258.0
1197.jpg,6634772.0
87.jpg,3342712.0
938.jpg,5492213.0
973.jpg,762033.0
591.jpg,6607694.0
1080.jpg,7499404.0
251.jpg,8363904.0
133.jpg,7168824.0
664.jpg,1928163.0
377.jpg,6119800.0
550.jpg,9433006.0
530.jpg,5342977.0
1421.jpg,9073230.0
875.jpg,6819863.0
693.jpg,6103321.0
1.jpg,9758085.0
992.jpg,6491084.0
295.jpg,8526346.0
291.jpg,7074189.0
1153.jpg,7963332.0
1029.jpg,8164620.0
1361.jpg,5951281.0
931.jpg,6657416.0
1063.jpg,9446743.0
914.jpg,7269805.0
1174.jpg,6873132.0
33.jpg,7044671.0
668.jpg,6738387.0
1326.jpg,6226948.0
38.jpg,7312894.0
857.jpg,6511748.0
459.jpg,4473303.0
879.jpg,5863309.0
687.jpg,7643675.0
781.jpg,5296674.0
277.jpg,7841998.0
674.jpg,6695099.0
1447.jpg,8529560.0
405.jpg,7789665.0
1374.jpg,3690626.0
338.jpg,4469860.0
655.jpg,8806450.0
696.jpg,7210550.0
574.jpg,6450019.0
778.jpg,7139107.0
337.jpg,7753911.0
168.jpg,4340599.0
1031.jpg,4360669.0
502.jpg,9004449.0
978.jpg,5405565.0
953.jpg,7711239.0
843.jpg,7624649.0
653.jpg,8406853.0
882.jpg,9079838.0
431.jpg,6557181.0
194.jpg,5197270.0
954.jpg,8588102.0
484.jpg,4709878.0
1369.jpg,7595946.0
1212.jpg,5091208.0
480.jpg,5769899.0
637.jpg,7769669.0
745.jpg,7620256.0
1230.jpg,2712386.0
1439.jpg,6726994.0
1249.jpg,5023868.0
68.jpg,7305118.0
688.jpg,6117156.0
298.jpg,8653572.0
122.jpg,6447448.0
1412.jpg,5577977.0
840.jpg,6427942.0
1311.jpg,5401095.0
252.jpg,3392670.0
1294.jpg,5609555.0
575.jpg,4260644.0
152.jpg,5246912.0
249.jpg,9429009.0
1114.jpg,7260634.0
990.jpg,8508264.0
210.jpg,3694115.0
775.jpg,5470338.0
389.jpg,8914266.0
1440.jpg,4717742.0
62.jpg,6141656.0
525.jpg,7288774.0
887.jpg,7163423.0
1185.jpg,4756226.0
768.jpg,7101041.0
964.jpg,6329411.0
306.jpg,3847471.0
180.jpg,3754795.0
1260.jpg,7355510.0
663.jpg,5990567.0
861.jpg,7631572.0
647.jpg,7717350.0
31.jpg,5590965.0
285.jpg,7208654.0
1240.jpg,8494339.0
1053.jpg,6504850.0
127.jpg,6853719.0
1385.jpg,5708313.0
761.jpg,6799202.0
1188.jpg,8113610.0
329.jpg,7936590.0
241.jpg,6387266.0
818.jpg,7863065.0
952.jpg,5067760.0
232.jpg,6151739.0
554.jpg,3538866.0
432.jpg,7930280.0
101.jpg,1435808.0
105.jpg,2841603.0
244.jpg,7044998.0
460.jpg,6469233.0
372.jpg,7591266.0
1351.jpg,4992118.0
1316.jpg,5554300.0
376.jpg,9894079.0
948.jpg,6176946.0
640.jpg,6839007.0
218.jpg,4884486.0
1247.jpg,5906903.0
982.jpg,10164221.0
592.jpg,3900898.0
1210.jpg,6082545.0
1438.jpg,5407049.0
1457.jpg,2749468.0
635.jpg,8674271.0
1083.jpg,7914958.0
1461.jpg,7995520.0
8.jpg,7449745.0
974.jpg,7285029.0
501.jpg,6004014.0
1032.jpg,4600345.0
1217.jpg,8859685.0
842.jpg,5728845.0
824.jpg,6644207.0
394.jpg,7966642.0
717.jpg,7433107.0
652.jpg,5924170.0
540.jpg,7162428.0
161.jpg,6973106.0
732.jpg,6978902.0
1345.jpg,4580149.0
452.jpg,2741635.0
1069.jpg,8933125.0
961.jpg,7622417.0
481.jpg,5251592.0
364.jpg,6659838.0
1047.jpg,5998350.0
991.jpg,7283623.0
618.jpg,6118712.0
854.jpg,9033942.0
1462.jpg,7136943.0
61.jpg,3646806.0
860.jpg,5135409.0
1071.jpg,9678314.0
906.jpg,10909972.0
307.jpg,4176483.0
316.jpg,8002065.0
734.jpg,6604500.0
522.jpg,7100147.0
498.jpg,6683702.0
85.jpg,5168961.0
1161.jpg,7366690.0
754.jpg,7295866.0
886.jpg,7005901.0
685.jpg,5992467.0
77.jpg,1629036.0
1145.jpg,7734329.0
889.jpg,1215305.0
261.jpg,5186240.0
905.jpg,6628305.0
1092.jpg,6397370.0
1202.jpg,5140650.0
233.jpg,8114411.0
1168.jpg,1422672.0
114.jpg,7050157.0
1472.jpg,7049616.0
890.jpg,3695886.0
1102.jpg,6974952.0
691.jpg,6832585.0
217.jpg,7907402.0
286.jpg,4007395.0
1229.jpg,7618988.0
1480.jpg,3701644.0
1334.jpg,3997828.0
28.jpg,6113268.0
445.jpg,5310346.0
1051.jpg,4831767.0
1151.jpg,4970166.0
119.jpg,7482701.0
766.jpg,2650068.0
1276.jpg,7611912.0
104.jpg,4103815.0
613.jpg,4183770.0
348.jpg,6217788.0
9.jpg,8315747.0
109.jpg,3966796.0
378.jpg,2532107.0
634.jpg,7542264.0
264.jpg,8443341.0
1164.jpg,6397314.0
539.jpg,6375934.0
808.jpg,7794422.0
1286.jpg,6738439.0
302.jpg,8607886.0
1129.jpg,3517219.0
1459.jpg,8181348.0
1004.jpg,7119879.0
515.jpg,6419652.0
1178.jpg,4979260.0
1064.jpg,6045904.0
212.jpg,9764300.0
942.jpg,5355617.0
1033.jpg,6177941.0
500.jpg,8454107.0
381.jpg,6996254.0
565.jpg,7182667.0
1380.jpg,6148985.0
1120.jpg,2405429.0
1095.jpg,7509504.0
1285.jpg,7537164.0
1400.jpg,6128581.0
862.jpg,4969019.0
1384.jpg,6070118.0
499.jpg,8317206.0
84.jpg,6695262.0
196.jpg,7725165.0
756.jpg,7014586.0
1156.jpg,7360895.0
47.jpg,4948782.0
131.jpg,7817404.0
815.jpg,8740776.0
801.jpg,2718869.0
907.jpg,8872480.0
323.jpg,7984715.0
148.jpg,1719064.0
921.jpg,5189296.0
1186.jpg,5577118.0
908.jpg,8009547.0
735.jpg,7014990.0
222.jpg,6983405.0
496.jpg,9026710.0
1313.jpg,10600636.0
1104.jpg,7263214.0
571.jpg,7456913.0
54.jpg,3985934.0
1052.jpg,7701501.0
1392.jpg,7144572.0
680.jpg,5431328.0
423.jpg,8861890.0
23.jpg,7333767.0
777.jpg,7627302.0
1121.jpg,5262863.0
977.jpg,2501993.0
138.jpg,6568237.0
335.jpg,7103221.0
113.jpg,7163695.0
355.jpg,7663265.0
444.jpg,6550367.0
966.jpg,8542101.0
568.jpg,6017362.0
916.jpg,3201717.0
1328.jpg,8330547.0
1335.jpg,5658709.0
656.jpg,6783146.0
312.jpg,2840262.0
22.jpg,5841098.0
79.jpg,5224415.0
287.jpg,3033645.0
1000.jpg,5397844.0
412.jpg,1948597.0
782.jpg,8197575.0
872.jpg,6814866.0
748.jpg,5101670.0
556.jpg,5262274.0
915.jpg,3562178.0
14.jpg,8701036.0
1305.jpg,7730876.0
1287.jpg,5998196.0
790.jpg,8605418.0
1288.jpg,5983818.0
588.jpg,8773165.0
1116.jpg,6734603.0
192.jpg,7582002.0
141.jpg,6186478.0
175.jpg,8200932.0
213.jpg,6155336.0
235.jpg,5293043.0
1101.jpg,7704325.0
17.jpg,7918886.0
246.jpg,5190797.0
415.jpg,8597141.0
757.jpg,8469611.0
692.jpg,6758354.0
838.jpg,8240251.0
645.jpg,5677177.0
55.jpg,9287015.0
1242.jpg,3570878.0
1146.jpg,6897961.0
1330.jpg,3119198.0
149.jpg,8104666.0
1059.jpg,4532422.0
1296.jpg,5099307.0
91.jpg,8267854.0
441.jpg,5847340.0
324.jpg,6857527.0
1403.jpg,8134533.0
125.jpg,7792429.0
1106.jpg,6006981.0
1442.jpg,5745983.0
527.jpg,7304446.0
719.jpg,9120788.0
1187.jpg,8624068.0
191.jpg,5435154.0
509.jpg,2307759.0
1018.jpg,5840299.0
538.jpg,6738650.0
1295.jpg,7666519.0
1196.jpg,8424605.0
1233.jpg,5597824.0
521.jpg,4620978.0
936.jpg,6442755.0
621.jpg,7879083.0
1222.jpg,8522588.0
1109.jpg,6653648.0
219.jpg,5143512.0
581.jpg,3271174.0
1090.jpg,6951677.0
605.jpg,4406400.0
82.jpg,6166588.0
1011.jpg,5153202.0
78.jpg,5384568.0
1171.jpg,1729445.0
1347.jpg,5668204.0
75.jpg,8620841.0
1034.jpg,7914338.0
507.jpg,8329700.0
450.jpg,4033691.0
276.jpg,2496226.0
470.jpg,6049371.0
628.jpg,2098090.0
1363.jpg,4593800.0
1103.jpg,7690888.0
143.jpg,9715959.0
642.jpg,5365654.0
589.jpg,7325319.0
1245.jpg,6652986.0
731.jpg,6803441.0
839.jpg,6622226.0
294.jpg,1818765.0
15.jpg,6131640.0
88.jpg,7408098.0
941.jpg,8585429.0
788.jpg,3534799.0
1420.jpg,7941611.0
229.jpg,3614342.0
1274.jpg,3824951.0
611.jpg,7238498.0
803.jpg,7534983.0
856.jpg,7672112.0
551.jpg,8473565.0
531.jpg,8784762.0
1355.jpg,8568697.0
57.jpg,5191938.0
464.jpg,6898555.0
841.jpg,6428975.0
1073.jpg,7179348.0
955.jpg,7815386.0
785.jpg,5697623.0
1227.jpg,1149569.0
624.jpg,7491901.0
669.jpg,9271138.0
392.jpg,3363594.0
408.jpg,7140353.0
1379.jpg,7375295.0
835.jpg,8820268.0
1302.jpg,7259033.0
878.jpg,8343424.0
1074.jpg,4198812.0
638.jpg,2658344.0
1402.jpg,8953084.0
206.jpg,6243975.0
250.jpg,6532645.0
1256.jpg,5561485.0
660.jpg,5524691.0
1131.jpg,4727757.0
1263.jpg,2331943.0
1176.jpg,7769925.0
124.jpg,5994759.0
899.jpg,6902172.0
383.jpg,5663577.0
536.jpg,8770856.0
280.jpg,6429975.0
491.jpg,5471576.0
823.jpg,4354064.0
94.jpg,6594060.0
485.jpg,6104560.0
583.jpg,7574411.0
1273.jpg,6230051.0
616.jpg,1855093.0
158.jpg,5006413.0
319.jpg,2748286.0
1044.jpg,5801725.0
1307.jpg,7185310.0
266.jpg,4602002.0
520.jpg,5486753.0
1243.jpg,8010906.0
1125.jpg,4154569.0
644.jpg,5588209.0
1423.jpg,8314629.0
142.jpg,7618385.0
1258.jpg,7438387.0
1262.jpg,4549622.0
661.jpg,9042724.0
989.jpg,8724417.0
310.jpg,7406927.0
794.jpg,7223793.0
1072.jpg,6601373.0
1398.jpg,5757239.0
1058.jpg,8713784.0
939.jpg,9201675.0
99.jpg,6962277.0
740.jpg,7123608.0
940.jpg,8196609.0
806.jpg,7453323.0
37.jpg,8497370.0
45.jpg,7457829.0
1068.jpg,3948782.0
573.jpg,6391385.0
395.jpg,2842320.0
172.jpg,7679215.0
100.jpg,8098045.0
204.jpg,7906265.0
701.jpg,4708909.0
721.jpg,7541496.0
1089.jpg,7187449.0
363.jpg,3452914.0
598.jpg,4531526.0
373.jpg,7253736.0
1054.jpg,7020224.0
1154.jpg,5888236.0
42.jpg,4473607.0
56.jpg,7846561.0
437.jpg,3084118.0
300.jpg,7904959.0
1378.jpg,7210295.0
409.jpg,7863813.0
1427.jpg,6353558.0
321.jpg,7003334.0
975.jpg,8117584.0
343.jpg,5802535.0
994.jpg,6723987.0
641.jpg,7277625.0
1246.jpg,8028767.0
561.jpg,6035176.0
69.jpg,3131421.0
904.jpg,3334945.0
582.jpg,4369657.0
606.jpg,6366227.0
846.jpg,6458240.0
410.jpg,4580487.0
1209.jpg,10933382.0
1428.jpg,8098113.0
1026.jpg,8428593.0
327.jpg,4756032.0
63.jpg,6331516.0
228.jpg,8165866.0
1306.jpg,8221469.0
654.jpg,7164931.0
296.jpg,8015622.0
1309.jpg,5474891.0
765.jpg,6825601.0
1422.jpg,1210606.0
1469.jpg,8041725.0
267.jpg,6926110.0
328.jpg,6107792.0
29.jpg,7910849.0
926.jpg,8838440.0
1310.jpg,8843636.0
870.jpg,8270617.0
165.jpg,5645877.0
779.jpg,7361666.0
44.jpg,2339065.0
1327.jpg,9131662.0
1268.jpg,7918268.0
1173.jpg,7067616.0
993.jpg,3812403.0
690.jpg,6924996.0
458.jpg,7341759.0
826.jpg,2789416.0
317.jpg,5949512.0
631.jpg,4547811.0
822.jpg,5578974.0
1214.jpg,3181188.0
205.jpg,6341619.0
1405.jpg,3151077.0
764.jpg,7301265.0
1284.jpg,8203947.0
417.jpg,5962010.0
1148.jpg,2782912.0
1155.jpg,5654903.0
439.jpg,6159357.0
1415.jpg,6184074.0
1388.jpg,8609285.0
524.jpg,9678995.0
48.jpg,6557264.0
487.jpg,8412199.0
1062.jpg,2457591.0
93.jpg,4736632.0
1128.jpg,7444241.0
97.jpg,7090212.0
1357.jpg,3440467.0
466.jpg,7976177.0
883.jpg,5460201.0
479.jpg,6427549.0
379.jpg,8568779.0
1473.jpg,3457800.0
1194.jpg,5884766.0
1429.jpg,5371913.0
1322.jpg,3860061.0
257.jpg,6401856.0
1105.jpg,7784043.0
1165.jpg,8953262.0
1027.jpg,8743010.0
1381.jpg,7421140.0
137.jpg,3000981.0
424.jpg,6110742.0
1395.jpg,7023475.0
705.jpg,4080542.0
681.jpg,2585552.0
116.jpg,7354526.0
1028.jpg,6243866.0
1001.jpg,6908846.0
1193.jpg,8302367.0
510.jpg,6699822.0
178.jpg,4948467.0
443.jpg,7209589.0
326.jpg,6700736.0
245.jpg,9520782.0
636.jpg,7890918.0
1371.jpg,2227496.0
671.jpg,7966366.0
400.jpg,5199193.0
1213.jpg,8723674.0
293.jpg,5496314.0
1433.jpg,1689603.0
871.jpg,7119935.0
864.jpg,4368293.0
1057.jpg,7427225.0
1474.jpg,8106445.0
743.jpg,8232645.0
903.jpg,2169282.0
533.jpg,8002803.0
1150.jpg,7243854.0
1350.jpg,8197725.0
1036.jpg,7048608.0
505.jpg,2177233.0
1046.jpg,3780384.0
461.jpg,7245292.0
102.jpg,7182016.0
1189.jpg,5582423.0
1269.jpg,3048665.0
958.jpg,6611525.0
733.jpg,6596339.0
371.jpg,6869697.0
1266.jpg,8540819.0
665.jpg,3112812.0
411.jpg,8841186.0
787.jpg,5425105.0
309.jpg,6901914.0
814.jpg,8359650.0
1067.jpg,8220479.0
16.jpg,1272141.0
1035.jpg,9072591.0
160.jpg,4963351.0
156.jpg,6849588.0
506.jpg,6637066.0
1093.jpg,7791038.0
957.jpg,6958453.0
226.jpg,737898.0
1195.jpg,6462700.0
2.jpg,5549785.0
848.jpg,7216863.0
593.jpg,7713409.0
1082.jpg,6740477.0
126.jpg,7180206.0
76.jpg,9432412.0
1329.jpg,6722297.0
923.jpg,8048281.0
185.jpg,6489745.0
752.jpg,7911351.0
927.jpg,8349145.0
96.jpg,5132034.0
1127.jpg,7245951.0
237.jpg,906030.0
136.jpg,8556706.0
115.jpg,5536182.0
1451.jpg,7040703.0
1283.jpg,1743026.0
534.jpg,6877762.0
282.jpg,6426128.0
918.jpg,2177472.0
1199.jpg,7732009.0
1425.jpg,6076082.0
791.jpg,6892949.0
1271.jpg,6727698.0
614.jpg,8521099.0
30.jpg,2912295.0
996.jpg,8191203.0
563.jpg,6536656.0
139.jpg,3519827.0
1259.jpg,6105796.0
279.jpg,6659085.0
1135.jpg,7529991.0
414.jpg,5306661.0
917.jpg,3646696.0
193.jpg,4682809.0
1087.jpg,6665872.0
809.jpg,3755730.0
728.jpg,2837994.0
596.jpg,7179126.0
281.jpg,5964685.0
987.jpg,8300212.0
1435.jpg,6836501.0
89.jpg,7532088.0
529.jpg,5912916.0
1016.jpg,6319907.0
1119.jpg,6641586.0
1162.jpg,4851000.0
273.jpg,7474581.0
1445.jpg,6768212.0
380.jpg,2157539.0
755.jpg,4269906.0
552.jpg,7991273.0
712.jpg,5808311.0
216.jpg,7430086.0
545.jpg,7213115.0
1436.jpg,7745368.0
374.jpg,7782070.0
20.jpg,7850023.0
956.jpg,7237446.0
969.jpg,7049348.0
80.jpg,7883947.0
1312.jpg,6851375.0
488.jpg,5011758.0
880.jpg,4946209.0
1298.jpg,8382525.0
564.jpg,8924853.0
817.jpg,6133487.0
322.jpg,8201289.0
1061.jpg,8601156.0
1167.jpg,4529064.0
1383.jpg,3375791.0
1278.jpg,8708086.0
1216.jpg,5963306.0
1181.jpg,7560042.0
849.jpg,4167200.0
760.jpg,4955826.0
532.jpg,7621956.0
844.jpg,7831817.0
1297.jpg,7389868.0
108.jpg,6025052.0
937.jpg,4473813.0
792.jpg,5874001.0
234.jpg,5635542.0
929.jpg,2379366.0
1075.jpg,8127687.0
553.jpg,7407882.0
11.jpg,4882372.0
223.jpg,4043724.0
615.jpg,7487052.0
608.jpg,4696273.0
1207.jpg,9454552.0
1270.jpg,5750871.0
65.jpg,6430165.0
1038.jpg,5698995.0
209.jpg,7948150.0
265.jpg,9725330.0
24.jpg,7122492.0
1238.jpg,5347059.0
633.jpg,5719581.0
1319.jpg,6269999.0
51.jpg,5982548.0
270.jpg,7198165.0
707.jpg,6793108.0
430.jpg,3300756.0
751.jpg,6643171.0
625.jpg,8782574.0
1226.jpg,8478994.0
1434.jpg,5980685.0
3.jpg,8419809.0
834.jpg,1504484.0
199.jpg,7835568.0
1416.jpg,7823291.0
167.jpg,6161240.0
796.jpg,6308465.0
163.jpg,6731924.0
1118.jpg,4139857.0
21.jpg,8848312.0
1325.jpg,7629493.0
147.jpg,5878607.0
537.jpg,7052373.0
83.jpg,6903755.0
1426.jpg,3759865.0
578.jpg,6239327.0
1180.jpg,6037724.0
1471.jpg,6299999.0
1275.jpg,5683170.0
1407.jpg,6677082.0
799.jpg,6057108.0
610.jpg,3189445.0
874.jpg,5360845.0
983.jpg,816976.0
807.jpg,7459299.0
36.jpg,3551824.0
390.jpg,8886034.0
288.jpg,4938492.0
863.jpg,8382933.0
1166.jpg,7474698.0
526.jpg,9306750.0
816.jpg,8174346.0
1019.jpg,5154768.0
490.jpg,7102035.0
1299.jpg,9387171.0
1169.jpg,4459660.0
793.jpg,7091696.0
1060.jpg,7767239.0
1107.jpg,5738060.0
729.jpg,5990295.0
419.jpg,8379741.0
1386.jpg,3931886.0
43.jpg,8338000.0
64.jpg,4305155.0
1404.jpg,6169871.0
829.jpg,7367700.0
960.jpg,8763058.0
330.jpg,6646598.0
1170.jpg,8020235.0
350.jpg,8034401.0
508.jpg,7343860.0
934.jpg,8324405.0
388.jpg,8846440.0
559.jpg,2521487.0
1147.jpg,6388075.0
429.jpg,8363361.0
1250.jpg,8372244.0
750.jpg,8562797.0
772.jpg,5902189.0
140.jpg,8327089.0
1055.jpg,7165804.0
901.jpg,8332525.0
587.jpg,6682134.0
247.jpg,6634637.0
963.jpg,7638525.0
837.jpg,8053811.0
1264.jpg,6016032.0
1024.jpg,9402577.0
667.jpg,8038661.0
215.jpg,6205994.0
643.jpg,6866910.0
1244.jpg,5352684.0
1418.jpg,7232686.0
1476.jpg,5441736.0
1203.jpg,8861028.0
50.jpg,7025970.0
1368.jpg,6226992.0
1352.jpg,8412931.0
463.jpg,7261740.0
1117.jpg,10071875.0
1137.jpg,5533258.0
173.jpg,10495489.0
198.jpg,9278726.0
314.jpg,7411374.0
700.jpg,8170618.0
197.jpg,5821569.0
946.jpg,7822672.0
720.jpg,7616992.0
1182.jpg,5475509.0
162.jpg,6267729.0
675.jpg,6917154.0
362.jpg,8036735.0
892.jpg,8626478.0
798.jpg,7173899.0
242.jpg,2993808.0
1142.jpg,1763987.0
1006.jpg,4769541.0
393.jpg,8445006.0
517.jpg,1401237.0
58.jpg,6780444.0
622.jpg,2424447.0
659.jpg,1241963.0
1467.jpg,8959778.0
1221.jpg,7816026.0
1152.jpg,7488045.0
224.jpg,5495136.0
833.jpg,3489616.0
220.jpg,9055012.0
580.jpg,7515790.0
1111.jpg,8714136.0
435.jpg,5949179.0
200.jpg,8246989.0
74.jpg,4408494.0
1281.jpg,7728049.0
727.jpg,2170341.0
315.jpg,4802336.0
770.jpg,7792278.0
1130.jpg,6651242.0
649.jpg,9348458.0
129.jpg,3241413.0
117.jpg,1644806.0
827.jpg,7585687.0
1257.jpg,5469273.0
345.jpg,6970939.0
627.jpg,8133138.0
784.jpg,8341520.0
1224.jpg,6076819.0
448.jpg,5122539.0
935.jpg,6341320.0
558.jpg,8110701.0
1470.jpg,7485190.0
836.jpg,7623162.0
998.jpg,6956541.0
1303.jpg,6773893.0
557.jpg,8471306.0
919.jpg,8154651.0
1192.jpg,4117286.0
1449.jpg,7340957.0
959.jpg,7559072.0
71.jpg,4043797.0
179.jpg,8606288.0
947.jpg,1661071.0
1450.jpg,5984282.0
92.jpg,1044617.0
1366.jpg,7743519.0
462.jpg,7223965.0
455.jpg,8800131.0
189.jpg,7469641.0
1342.jpg,7906362.0
1353.jpg,6081349.0
475.jpg,1351513.0
26.jpg,7954373.0
334.jpg,7829109.0
292.jpg,3478478.0
49.jpg,7381232.0
98.jpg,7501074.0
897.jpg,7925534.0
207.jpg,7976669.0
1149.jpg,8047108.0
828.jpg,8285323.0
438.jpg,9878670.0
382.jpg,5918883.0
811.jpg,8800176.0
762.jpg,5084170.0
1023.jpg,3114094.0
995.jpg,7502290.0
1323.jpg,8454657.0
1452.jpg,8604298.0
361.jpg,8100104.0
749.jpg,5985620.0
59.jpg,6779129.0
988.jpg,8336904.0
566.jpg,6967051.0
684.jpg,4486188.0
134.jpg,4605334.0
145.jpg,4109253.0
7.jpg,7409047.0
320.jpg,6098965.0
658.jpg,7276801.0
256.jpg,6418714.0
1078.jpg,8507097.0
1218.jpg,8148108.0
13.jpg,3304133.0
1394.jpg,8412343.0
972.jpg,5974260.0
1475.jpg,6662952.0
221.jpg,8874373.0
716.jpg,5243412.0
425.jpg,4671632.0
771.jpg,7323042.0
387.jpg,7777675.0
1359.jpg,8898146.0
981.jpg,8089393.0
468.jpg,7200049.0
1356.jpg,7237310.0
1077.jpg,6989279.0
549.jpg,5708790.0
467.jpg,6963052.0
342.jpg,5650786.0
238.jpg,8616853.0
492.jpg,8746215.0
859.jpg,6924323.0
1225.jpg,1679525.0
1468.jpg,5657479.0
626.jpg,5450193.0
1003.jpg,7728019.0
512.jpg,6895548.0
629.jpg,8132794.0
516.jpg,5982259.0
945.jpg,8038875.0
1007.jpg,4952182.0
1172.jpg,7295208.0
895.jpg,7867211.0
157.jpg,6691126.0
630.jpg,2180815.0
1215.jpg,5720563.0
1045.jpg,7566384.0
272.jpg,2184088.0
910.jpg,8280981.0
922.jpg,6029913.0
406.jpg,7204547.0
607.jpg,7405041.0
847.jpg,5569738.0
1208.jpg,5480912.0
1377.jpg,4271449.0
585.jpg,6390891.0
1424.jpg,7097902.0
1037.jpg,7609937.0
504.jpg,9049099.0
1437.jpg,8057691.0
416.jpg,7991008.0
1201.jpg,7953604.0
359.jpg,6184448.0
1389.jpg,6096649.0
567.jpg,6725850.0
576.jpg,7488618.0
1346.jpg,5862048.0
171.jpg,6277102.0
451.jpg,6086142.0
375.jpg,7578870.0
1211.jpg,6524184.0
1198.jpg,5188199.0
1098.jpg,6962781.0
677.jpg,3913103.0
360.jpg,7457723.0
877.jpg,5084924.0
825.jpg,5353960.0
121.jpg,6037358.0
305.jpg,5057685.0
1179.jpg,8671241.0
1318.jpg,7827171.0
469.jpg,8728943.0
25.jpg,7131383.0
1049.jpg,4241502.0
932.jpg,8493377.0
1076.jpg,7707453.0
1358.jpg,6736101.0
239.jpg,7251117.0
493.jpg,7017992.0
1411.jpg,5509882.0
602.jpg,5534766.0
1300.jpg,6979892.0
597.jpg,5080207.0
41.jpg,6644647.0
1086.jpg,3627128.0
831.jpg,8427465.0
426.jpg,8201649.0
1290.jpg,9034944.0
1397.jpg,6668932.0
853.jpg,3035092.0
1324.jpg,7921539.0
90.jpg,8899253.0
1277.jpg,6484266.0
183.jpg,6843934.0
612.jpg,6337472.0
202.jpg,2105530.0
236.jpg,7119084.0
986.jpg,8808438.0
651.jpg,5810659.0
311.jpg,5053213.0
1252.jpg,6478224.0
1017.jpg,6330826.0
528.jpg,4272052.0
283.jpg,8142110.0
518.jpg,4713225.0
894.jpg,7376896.0
797.jpg,8510085.0
95.jpg,5359848.0
1009.jpg,5058951.0
195.jpg,8415383.0
722.jpg,7411283.0
1254.jpg,8502046.0
786.jpg,2790521.0
308.jpg,7214268.0
670.jpg,7817860.0
562.jpg,4079964.0
401.jpg,6134948.0
1370.jpg,8621258.0
1321.jpg,4872910.0
240.jpg,1420503.0
1234.jpg,7297880.0
1039.jpg,7945142.0
928.jpg,7448454.0
1478.jpg,6735748.0
278.jpg,8303408.0
170.jpg,8197914.0
336.jpg,4141918.0
753.jpg,6646459.0
150.jpg,7299046.0
391.jpg,3891803.0
543.jpg,8695128.0
742.jpg,5931222.0
902.jpg,7084928.0
66.jpg,4764735.0
482.jpg,7271705.0
81.jpg,3897837.0
1206.jpg,7905118.0
609.jpg,8230963.0
820.jpg,8485175.0
40.jpg,7257057.0
398.jpg,6226528.0
698.jpg,5170246.0
555.jpg,5890473.0
535.jpg,7186041.0
166.jpg,6112997.0
1115.jpg,5563513.0
725.jpg,8180998.0
184.jpg,10895130.0
1387.jpg,8307221.0
254.jpg,7114955.0
572.jpg,7257151.0
418.jpg,6980889.0
155.jpg,6863956.0
1108.jpg,7317883.0
1132.jpg,4382428.0
865.jpg,8495719.0
73.jpg,7473781.0
1396.jpg,4398993.0
714.jpg,3318143.0
427.jpg,5076462.0
950.jpg,7127337.0
920.jpg,4982426.0
347.jpg,4553035.0
262.jpg,4603609.0
446.jpg,8527357.0
1337.jpg,7019549.0
369.jpg,8446934.0
1144.jpg,6539549.0
358.jpg,8213837.0
962.jpg,6840516.0
1236.jpg,2928588.0
868.jpg,4976420.0
747.jpg,3943799.0
1239.jpg,5992191.0
1190.jpg,6597615.0
1040.jpg,7072184.0
341.jpg,6850715.0
590.jpg,7891201.0
1014.jpg,3844566.0
970.jpg,6335249.0
1081.jpg,6877058.0
35.jpg,8565689.0
1282.jpg,3298174.0
802.jpg,3609363.0
1320.jpg,4901416.0
107.jpg,3333301.0
1255.jpg,6272650.0
703.jpg,6119035.0
1414.jpg,7288293.0
495.jpg,8310830.0
736.jpg,4268838.0
1043.jpg,7539626.0
1410.jpg,7567070.0
1021.jpg,6296640.0
632.jpg,6288972.0
832.jpg,7074911.0
367.jpg,8189082.0
1448.jpg,7945575.0
1409.jpg,9203053.0
845.jpg,7554920.0
813.jpg,7729775.0
713.jpg,7063551.0
544.jpg,7985336.0
699.jpg,5790234.0
595.jpg,6462962.0
1084.jpg,5560980.0
385.jpg,7103991.0
1159.jpg,7030218.0
1066.jpg,7089319.0
1163.jpg,5567553.0
331.jpg,7728259.0
723.jpg,6101252.0
351.jpg,6520926.0
1406.jpg,2362551.0
1228.jpg,8596867.0
702.jpg,1764168.0
738.jpg,5616381.0
255.jpg,2262892.0
1344.jpg,5517345.0
453.jpg,5310573.0
810.jpg,8955207.0
132.jpg,9146112.0
1454.jpg,6466784.0
1122.jpg,6655784.0
1133.jpg,8313259.0
6.jpg,5336075.0
1025.jpg,5683410.0
695.jpg,8675403.0
881.jpg,7772512.0
154.jpg,8621668.0
176.jpg,4448875.0
4.jpg,6779925.0
72.jpg,7235058.0
925.jpg,5279964.0
639.jpg,7558005.0
1419.jpg,7627986.0
123.jpg,7700762.0
356.jpg,7126252.0
1184.jpg,8444410.0
1191.jpg,3528287.0
1237.jpg,6270531.0
1348.jpg,8849482.0
231.jpg,6370274.0
888.jpg,3344534.0
683.jpg,7676398.0
225.jpg,6680507.0
146.jpg,9370845.0
1444.jpg,6058777.0
1143.jpg,3921315.0
1041.jpg,5960807.0
111.jpg,5524924.0
1231.jpg,9412030.0
1354.jpg,4890577.0
10.jpg,7604282.0
268.jpg,1334788.0
968.jpg,5627013.0
465.jpg,7790947.0
489.jpg,7368609.0
340.jpg,4653657.0
1015.jpg,6184182.0
404.jpg,4169646.0
34.jpg,7314903.0
1279.jpg,7344930.0
1375.jpg,6808997.0
39.jpg,3464293.0
1466.jpg,9538242.0
726.jpg,4468589.0
1413.jpg,5266688.0
1079.jpg,6124433.0
769.jpg,8138210.0
1139.jpg,3295728.0
965.jpg,6735814.0
32.jpg,8015297.0
884.jpg,8773571.0
1373.jpg,2986384.0
1136.jpg,6840972.0
402.jpg,8472679.0
289.jpg,4703008.0
164.jpg,7267010.0
898.jpg,5734210.0
1085.jpg,4508442.0
1317.jpg,5529058.0
248.jpg,8770342.0
1408.jpg,5273018.0
594.jpg,7597666.0
27.jpg,7827713.0
384.jpg,1360161.0
1391.jpg,7793302.0
420.jpg,6492246.0
313.jpg,7417574.0
135.jpg,7148576.0
86.jpg,7806112.0
900.jpg,1878395.0
586.jpg,6349308.0
930.jpg,6511428.0
1251.jpg,6954029.0
1091.jpg,5798918.0
708.jpg,7839546.0
866.jpg,5903907.0
579.jpg,6131333.0
1456.jpg,3204331.0
297.jpg,7384497.0
1441.jpg,6665422.0
181.jpg,7203882.0
1343.jpg,1140860.0
795.jpg,7999658.0
454.jpg,4272485.0
474.jpg,4136046.0
774.jpg,4617069.0
1446.jpg,6771881.0
301.jpg,7861440.0
1367.jpg,8726663.0
858.jpg,7860077.0
110.jpg,6458337.0
570.jpg,5840968.0
1477.jpg,4084041.0
933.jpg,7823818.0
187.jpg,4715731.0
1126.jpg,7168388.0
819.jpg,6724849.0
672.jpg,7757086.0
648.jpg,7810729.0
253.jpg,7278155.0
1065.jpg,5361567.0
188.jpg,7417937.0
260.jpg,7736200.0
473.jpg,5022548.0
1138.jpg,2662065.0
1360.jpg,5417970.0
1315.jpg,5187466.0
1160.jpg,6983518.0
201.jpg,4444482.0
1280.jpg,7017286.0
1002.jpg,4138541.0
274.jpg,8436956.0
503.jpg,4404725.0
1030.jpg,7369686.0
1465.jpg,8252207.0
513.jpg,7598213.0
259.jpg,7068951.0
214.jpg,8847354.0
560.jpg,8003268.0
403.jpg,6302352.0
1372.jpg,8061120.0
541.jpg,6414269.0
773.jpg,8727908.0
686.jpg,6449762.0
523.jpg,5760016.0
18.jpg,7033964.0
682.jpg,7574946.0
909.jpg,8096497.0
1432.jpg,8977595.0
449.jpg,7805256.0
943.jpg,6578532.0
1338.jpg,3275022.0
60.jpg,6020370.0
299.jpg,7596530.0
1460.jpg,6081110.0
547.jpg,6672417.0
5.jpg,8050332.0
344.jpg,6699759.0
1110.jpg,6110046.0
227.jpg,2739953.0
1141.jpg,7524627.0
619.jpg,8468178.0
1094.jpg,7935086.0
709.jpg,8207641.0
436.jpg,7242231.0
985.jpg,7018119.0
623.jpg,5866077.0
1220.jpg,7047021.0
867.jpg,8793985.0
706.jpg,5621103.0
911.jpg,9093583.0
548.jpg,2956271.0
